{"cameraMode":{"drawMode":0,"name":"Shaded","section":"Shading Mode"},"sceneLighting":true,"audioPlay":false,"sceneViewState":{"m_AlwaysRefresh":false,"showFog":true,"showSkybox":true,"showFlares":true,"showImageEffects":true,"showParticleSystems":true,"showVisualEffectGraphs":true,"m_FxEnabled":true},"in2DMode":false,"pivot":{"x":39.10199737548828,"y":0.5011054873466492,"z":48.610748291015628},"rotation":{"x":0.031195851042866708,"y":0.8797754049301148,"z":-0.05846451595425606,"w":0.4708472788333893},"size":1.3906582593917847,"orthographic":false}